,0,1,2,3
0,177.0231141052848,176.33873460803983,166.10440604282476,0
0,177.68002296186995,177.7025653950313,167.5824722801314,0
0,178.23859621859984,177.12192448064297,167.26381866581212,0
0,178.0619594200192,177.01012871374567,167.6068767815287,0
0,178.33129259332208,176.67795655473478,167.5122486706979,0
0,177.90632795986497,176.49087295856617,168.19283090496205,0
0,177.87412916069576,176.82190464339752,168.2073525751553,0
0,178.14593826915197,176.75138111379334,167.8393259443784,0
0,177.8636079733509,176.74219256970474,167.51688059075278,0
0,178.26997868804548,176.90661001715935,167.62071157321705,0
0,178.40333813761453,176.73107350156047,168.0422419792189,0
0,178.61025578321187,176.99492254934478,167.9857141830833,0
0,178.58581966644238,177.18351487100972,167.69958310790776,0
0,178.78594061475772,176.72266554652552,167.6452634471934,0
0,178.39757927211696,177.3269886408252,167.2571714600057,0
0,178.29234615865622,177.08532624517244,167.85465086008358,0
0,178.53420369782287,177.37558604083108,167.72951084388006,0
0,178.21298853857255,176.98255597289048,167.60570649512871,0
0,178.0546411729799,177.0512093335779,168.02155477368308,0
0,178.2496621651033,176.752518823959,167.38748170365156,0
0,178.12050446391655,176.83209754489138,167.9824662555852,0
0,178.3225841002128,176.62323776892606,167.56537045714325,0
0,178.34440106779542,177.18425054204752,167.46160672693162,0
0,178.53464994056927,176.8616837652112,167.35181189873123,0
0,178.44333981478226,176.79842347099495,167.70908711734566,0
0,178.04969504792922,176.80730654885286,167.83763979058378,0
0,178.20603005850137,176.9774190450841,167.41452106580712,0
0,178.1994586532753,176.82872309601862,167.2184867422581,0
0,178.5097200924766,176.67215384962986,166.84940818161405,0
0,178.85385826059755,175.38464080288992,166.70052602198948,0
0,178.4869062637466,176.60197314075728,166.37021750275645,0
0,178.59091364107812,176.86855046537627,167.2542855374382,0
0,178.71012867424295,175.8770945334847,166.37604615712954,0
0,178.22936427181315,176.45358760000838,166.72152699374857,0
0,178.3623336894514,176.48651359074861,166.80372726387324,0
0,178.3287971507355,176.9557079637516,166.2614901834413,0
0,178.48059818897772,176.85692125316098,166.3367416939625,0
0,178.31460107472773,176.73631906707695,166.2010356271738,0
0,178.19891965340682,177.07894779303658,166.369523897866,0
0,178.09248351470484,176.87330090740303,166.4134563067984,0
0,178.18857408809924,177.00008980297417,166.7503801600773,0
0,178.4031895537751,176.7569422086661,166.4423703130906,0
0,178.25168507338017,176.66930500975596,166.86725681127615,0
0,178.50970061771577,176.87900316318093,166.78542007362842,0
0,178.19717059060085,176.6573119164345,166.6161619355454,0
0,178.50440489044092,177.20770258312538,166.68757284269768,0
0,178.20026343752065,176.655791397069,166.4314325910804,0
0,178.32569971003335,177.03708389892702,166.5634050033268,0
0,178.0394122766635,176.163321059284,166.51515871288998,0
0,178.10601919225152,176.7025148359253,167.05589156012775,0
0,178.6392808318213,176.3225118945288,166.7737377165927,0
0,178.5480858529019,176.73728307707708,166.67165708678561,0
0,178.61112269480248,176.01759786487523,166.5107450969639,0
0,178.22335663338959,176.56306320199337,167.11042052873944,0
0,179.03448652766687,175.8608829586555,166.42656256911653,0
0,178.5241673499449,176.3881491054467,166.8703989087248,0
0,179.2200206166793,176.10882212357788,165.97707156797316,0
0,178.80412883577162,176.66520490907774,166.38178725611195,0
0,179.1208653582604,176.48157205060303,165.58326959790682,0
0,178.19488459773325,176.96960194386617,166.0041562243966,0
0,178.6735078088751,176.50619489275428,165.52860252226284,0
0,178.43716681157971,176.7545781698547,165.69844082303524,0
0,178.25310593234133,176.62303919009102,165.95043992804136,0
0,178.4936398935092,176.16395890823046,165.60620850005142,0
0,178.1400526040472,176.34305620933887,165.80897684000024,0
0,178.27236493401603,176.17103774217776,165.4772678625922,0
0,178.2688851922156,176.40067792547325,165.52022938992408,0
0,178.50715453281387,175.6895185871203,165.4724014757072,0
0,178.3157358893638,176.22037247491514,165.43818296021456,0
0,178.54608096071448,175.73544068143696,165.29027544191746,0
0,178.21999107928366,175.937215947548,165.6610506239305,0
0,178.43703668133585,175.5938443055004,165.2202620428515,0
0,178.10352295113913,176.1736392970103,165.37783351087376,0
0,178.22561701258877,175.87266437942804,165.29236953915046,0
0,177.79701867899587,176.18636070807113,165.76123326001212,0
0,177.84787131262263,176.35060572373885,165.04315937181724,0
0,178.1472400518055,176.25121677107884,165.34490032676288,0
0,178.35449495537932,176.0542373293625,164.89619303567315,0
0,178.53643558134544,176.10360654109152,165.1839022581307,0
0,178.57897764506623,175.81142434403324,164.72199285826727,0
0,178.35368647123144,176.10301782040978,165.09191858111777,0
0,178.1940182602129,175.84622539666253,165.03743358181833,0
0,177.99424263293588,175.75056280962005,165.0348657107167,0
0,178.07744301345562,175.88551108122496,164.9408485222631,0
0,177.92887031643306,175.76560211102415,165.21857954279895,0
0,178.06003285802083,175.7042763673598,165.4711752378589,0
0,178.24684904038818,175.8902604728082,164.60057596607658,0
0,178.19771334873602,175.9048831041154,165.41233700267392,0
0,178.4339006592034,175.8253171515459,164.88449283811576,0
0,178.19350980815628,175.8476937893512,164.72473116023392,0
0,178.0690817489069,176.27782721308705,165.25610162909194,0
0,178.74536158849958,175.81039134090895,164.975538385264,0
0,178.62707716176664,175.93265513550108,164.7945675886638,0
0,178.46249120230289,175.85730556684453,164.4347563782713,0
0,178.3930053401904,175.95053054087896,164.7522799645283,0
0,178.4791335423026,176.02241420344436,164.40512539308864,0
0,178.1936344188924,175.84087218540952,164.84403557403485,0
0,178.28632539348087,175.71608594051324,164.77399900811716,0
0,178.27423408241236,175.4791556281991,165.09847812384385,0
0,178.38875219545176,175.8762677804727,165.00519939237992,0
0,178.49145370882255,175.8731483645941,165.15966509625358,0
0,178.29911600284862,175.81315331476657,164.55277948826048,0
0,178.5335985828449,175.9375162534727,164.87665404677887,0
0,178.4332913582599,175.70013096424015,164.0349479788721,0
0,178.1671667065573,176.3345468526973,164.71768610142254,0
0,178.48492613076155,175.85359580227455,164.98722530226743,0
0,178.7411184004418,175.56290615484193,164.16488596713762,0
0,178.22163696595888,176.30477002117135,164.5730648325463,0
0,178.29836742607387,176.10636179020088,164.3754143823543,0
0,178.0906578514146,176.19909525644567,164.29196381698247,0
0,177.87686119885174,176.31215605139835,164.71494405164196,0
0,177.9336297672593,176.76619970072562,163.96545452739542,0
0,178.0101056619077,176.2159377873105,164.12767016972603,0
0,178.05863449873334,176.24875238241896,164.4227834912936,0
0,178.6159335998055,176.46661778295072,164.1538663968598,0
0,178.8564923420186,176.93502380826624,163.76404999894189,0
0,178.95350168790418,176.96225996929334,164.33308962178444,0
0,178.71313000331145,177.11767089583748,165.0118311000997,0
0,178.5189413255733,176.17386821599644,163.86386412966422,0
0,179.07888458239788,176.4891586432854,164.06959093267375,0
0,178.61516499818381,176.87626372726592,163.73770820838317,0
0,179.02955704914058,176.57249921704224,164.38698792566817,0
0,178.72823528969295,176.22404694130122,164.26784534026282,0
0,178.566593004381,176.2781535907418,164.59801863829622,0
0,178.28494832228367,176.323097041529,163.74706764695566,0
0,178.09890367849417,176.25496771586575,164.451915216497,0
0,177.92765729002596,175.8195985746669,163.26062939892648,0
0,178.3794114315689,176.5988143958219,163.6804782872559,0
0,178.21824663810202,175.97988390614574,163.06690813833913,0
0,178.39131201996486,176.77699861730932,163.57051899979848,0
0,178.03132489965117,176.25222086268778,163.0134443015979,0
0,178.66135170798145,176.34177731747099,163.75799224095638,0
0,178.4170271250013,176.56364105020876,163.15788053313386,0
0,178.6294479701632,176.61186783858702,162.64088728299367,0
0,178.82867717302904,176.39596942873771,163.6396387326861,0
0,178.8163853550041,176.13649542719074,163.43435325878212,0
0,178.95856051186894,176.0466353422042,162.39328469738265,0
0,179.302850891139,176.03089902932751,163.56643410809272,0
0,178.68768038084383,175.8154035750641,162.71319073984955,0
0,178.9249343912569,175.4490884636054,162.69649848327995,0
0,178.52523306072507,175.70774818971543,162.60942294424916,0
0,178.92504160425673,175.61098096121603,163.19187179740834,0
0,178.55474922081854,175.70064490601925,162.63028388710896,0
0,178.51998605188567,176.06873024163934,162.8784740627734,0
0,178.74258161253348,175.70561914626873,162.5185540578017,0
0,179.0308573870863,175.84275494678545,162.6212975165305,0
0,179.00643193373185,175.76946476565908,162.67979093724492,0
0,178.71823555113855,175.58900465885168,162.69687389840098,0
0,179.13441414791936,175.88141189689017,162.7552088676587,0
0,179.0222371281364,175.7424182972888,162.8938624543219,0
0,178.97164799361772,175.96049167738335,161.90899702288291,0
0,179.0953332455878,175.59597151350758,163.20504586363754,0
0,179.21644435587848,175.615301786431,162.28708378090624,0
0,179.37716838001583,175.84169389671507,162.94709231134772,0
0,179.25610472984036,176.06486757841472,162.2671898967637,0
0,179.48688817773376,176.04652772989414,162.11454355208596,0
0,179.34785081335934,176.05736071503517,161.35289858199405,0
0,179.10259614628842,176.09980178076827,161.857120124331,0
0,179.28242947132898,175.70837489203748,161.98958961066458,0
0,179.28113084908463,175.46637498486652,162.03960561541857,0
0,179.0183252378641,175.5466663790769,161.37721536552132,0
0,178.6438998500953,175.61457372898323,161.40407437110147,0
0,178.76309951437213,175.92884814391002,160.8534266413709,0
0,178.7448069830927,175.60694029577076,160.20304574610935,0
0,178.21245157475215,175.55547741506155,160.09097125617552,0
0,177.98244698659954,175.52526286206216,159.38731671659562,0
0,177.98661427522163,175.71249333816263,161.73228248165483,0
0,178.08781703299897,177.41957507968706,164.7711863253294,0
0,177.2773109736264,178.24446468273214,167.01957098966648,0
0,177.85041547669678,177.28438836990557,166.8883273447378,0
0,178.63737879817478,177.91716562048086,167.86633687291706,0
0,178.50145168994302,178.36546689201745,164.53975194037437,0
0,178.86070638163625,178.38062785242457,161.25568350172148,0
0,176.06406770677802,179.16981514967512,158.38483710286,0
0,174.80496398094206,177.2579673074058,162.87717961383225,0
0,176.96653684945144,178.89930162419634,166.88902071546792,0
0,178.30312312580847,178.35540569615785,160.28913868270513,0
0,179.39878667624598,176.40648765901187,162.4867666246524,0
0,179.3810540714394,177.42356951454417,160.90844489724427,0
0,178.6402513865984,177.8008943926154,158.69701994972237,0
0,177.18272439995877,173.8723036207443,159.56003857532465,0
0,176.08420595888495,170.3553519777906,157.4081821368704,0
0,179.13342158318872,174.78424420730568,148.58024224749778,0
0,178.61852665899883,178.29362497628026,153.0902330898964,0
0,178.0992346913613,179.10671571249557,156.38779785263912,0
0,177.7811469677156,173.0918263114365,165.998238653494,0
0,179.0029280059123,175.0593304855588,154.08368008780462,0
0,176.67708857517363,176.01549158552936,151.70611420465576,0
0,175.5177815692037,174.9974223817245,153.12347483444756,0
0,175.24795814732863,175.30900005140134,154.5349842403455,0
0,176.21095260264684,174.65357788257216,153.58126449466744,0
0,176.03738714501154,175.3002807378945,154.22643829183585,0
0,176.19273525074283,174.0520937472557,153.53077522039283,0
0,176.97465476883647,173.30185204472593,156.6866473137194,0
0,177.3925594071512,174.4997817595619,155.27216928664993,0
0,177.8210285973907,174.91852728400835,156.9023542068558,0
0,178.63918774618608,175.11308933990438,158.50308911660835,0
0,178.999182667464,174.68168021763523,159.19924622721757,0
0,179.16711382830408,174.4349014586891,160.27867277672914,0
0,178.91263329950178,175.0438201085221,159.59309981387415,0
0,178.12271361783462,174.7421332058939,160.90244409756363,0
0,179.2200142869002,175.11684241013805,160.65699149567362,0
0,178.9289069642378,175.44358346134538,160.80538688615653,0
0,178.92259804407684,175.64279671758155,160.9324935124872,0
0,179.2445079811138,175.5493171993319,160.8997665659859,0
0,179.14769726197449,175.38347287255237,160.07674951254785,0
0,178.45520062598771,175.38215709584384,160.74716312810833,0
0,179.09327324272346,175.3582136729975,161.14536826202092,0
0,178.86149898663336,175.07527414679583,160.97773880014202,0
0,179.01910933934815,174.7628694039517,161.655276731644,0
0,178.59294314107555,175.15592451099275,161.89860403247735,0
0,178.93768178649347,174.9110134830457,161.81005712006322,0
0,178.79683708335318,174.6885784195474,162.0770854250014,0
0,178.7717946742283,174.9009829425996,162.10430289935906,0
0,178.48668821039612,175.0366936721207,162.80117587938588,0
0,178.29416020636856,175.056803533191,162.73869885778487,0
0,178.4278315583719,174.91693581611696,162.83560559204318,0
0,178.4505284196058,174.8482807430504,162.6336212315656,0
0,178.6463167764421,175.0168589020301,162.92983924022178,0
0,178.44897330748816,174.9332259087297,163.27643956590686,0
0,178.43673610158416,174.99140975277234,163.3711000763086,0
0,178.38842814028234,175.06461080906507,163.09191035064276,0
0,178.32239284977717,175.00482937003477,163.39649993251163,0
0,178.9523376211458,174.79577341819822,163.55257641850355,0
0,178.7694339084009,175.24406874487687,163.05702123419834,0
0,178.40228090318712,175.40962654099334,163.1680002256806,0
0,178.66855492248524,174.80125960542028,163.32254578869657,0
0,178.4845170703818,174.93715232387166,163.985834747703,0
0,178.54365591388074,175.78497399512227,163.13224605794534,0
0,178.84120628129295,175.63148575586635,163.14293562591428,0
0,178.62998590995292,175.4809027744055,162.32489317374203,0
0,178.8832816629749,175.50339849035453,162.89316273920903,0
0,178.65084445077272,175.46576473593467,162.60188066625625,0
0,178.6340299845122,175.317385220095,162.8007083651092,0
0,178.7166685235541,175.3095707474387,162.65893217676032,0
0,178.41013481612072,175.1963610565009,163.00455981731926,0
0,178.61288323302696,175.49519987807457,162.81362372492623,0
0,178.79287051476228,175.08511053341184,162.54916980610943,0
0,178.6604196641849,175.00766800322845,162.77088462644707,0
0,178.6604550713675,175.0881992378328,162.62169323863387,0
0,178.5150017412126,175.16273004952345,162.88068025173806,0
0,178.5287379309694,175.4970361179907,162.50555643066812,0
0,178.5868870942358,174.90743003019463,163.23499940973298,0
0,178.52035063821373,175.1377906513196,163.0409963349572,0
0,178.49657241034316,175.28192673552354,163.13345520674153,0
0,178.38137523070924,175.10311707676811,163.10718991611017,0
0,178.3931674629839,174.85818596826007,163.3728653027845,0
0,178.60505689375103,174.93897777011148,163.02274180254003,0
0,178.51784907963992,175.4356236702698,163.32770520586823,0
0,178.26456961851525,175.2208372804305,163.4806327466831,0
0,178.4150154083836,175.47939757589685,163.25439149258352,0
0,178.29666789683625,175.46981191530782,163.07420539651116,0
0,178.1001453304355,175.40908204645928,164.01035545031627,0
0,177.99305542987824,175.28331799396835,164.07592225872867,0
0,178.11105102041464,175.52042338813186,164.08706164579553,0
0,178.10181308653333,175.6208468275402,163.6729984204318,0
0,178.41205077832961,175.02998538065188,164.24946968984412,0
0,178.6295329625324,175.4521071077894,164.26129482238466,0
0,178.5295049233228,175.0217111279747,164.36230499034096,0
0,178.56505996382174,175.03191081034169,164.92056271031132,0
0,178.8460911407721,175.06420818663966,164.5574514299222,0
0,178.63531413374082,175.0926850588984,164.55345768154712,0
0,178.658018052482,175.3263669962202,164.9549294621363,0
0,178.87089663075608,175.22754117573479,164.61583637633365,0
0,178.65649954987708,175.06421490283813,164.489089586368,0
0,178.6556579052939,175.1968462567526,164.17248020427084,0
0,178.94611773690448,175.1725360075867,164.16902761640551,0
0,178.36024034590633,175.22340456207056,163.86926288205547,0
0,178.7067293168202,175.11110409829635,163.7243599485561,0
0,178.83543363702563,175.18640200356978,163.4423568206445,0
0,178.9218693110458,175.33570777085595,162.9624356702268,0
0,179.37328152880954,175.53356222328267,162.76458632014987,0
0,178.99468805861846,175.5362221314577,162.4779513446116,0
0,178.65740896766232,175.4918116143271,162.06832130343187,0
0,179.02823579215467,175.4864286534175,162.02888337485538,0
0,178.82869845928752,175.55647831557846,161.822748479903,0
0,178.79549849668905,175.5376816897308,162.00809343323868,0
0,178.82379035162387,175.63397617812356,162.2758496805714,0
0,178.78857343176372,175.71077345551763,162.68671711860043,0
0,178.89462354544588,175.73102189429628,162.81269870331198,0
0,178.84220878276506,175.5205940500864,162.74482489421226,0
0,178.74761701995482,175.907528534349,163.1442605988449,0
0,178.64118883697427,175.92016665008154,162.6298493593131,0
0,178.6975930743182,176.34290762537944,161.9296632036492,0
0,178.5497297674935,175.7536230414434,162.37762990883274,0
0,178.5454388817574,175.70837068501712,162.88853228424932,0
0,178.80157989177414,175.97238256270504,162.38812240768786,0
0,178.84475636308238,175.72016948517665,162.35421266428443,0
0,178.81287117957015,175.89365916680384,163.04646953756836,0
0,178.6315864753135,175.96280629447827,162.6517031742621,0
0,178.76069468065918,175.73732718741786,162.50397635631236,0
0,178.80730120498907,175.7438044961202,163.0139375913458,0
0,178.58622937541202,175.95900136007702,162.6302804351831,0
0,178.8207705265186,175.63655212223492,162.67616418788955,0
0,178.6048278589609,175.61298079472962,162.66693917507644,0
0,178.46685427341657,175.6070530521826,162.67834127555125,0
0,178.48929389061544,175.60380283298676,162.6089626959658,0
0,178.59701330994454,175.61602421648774,162.84297849796826,0
0,178.62723582272352,175.5745684873249,162.38004213654594,0
0,178.71124853423606,175.41169337750978,162.61146612798257,0
0,178.62775150735837,175.67795512087727,162.32375654142197,0
0,178.95670895326555,175.52651840283832,162.32348460548832,0
0,179.11608530628962,175.5142406094181,162.59596579802417,0
0,178.76912107898318,175.82302607777635,162.61641828782072,0
0,178.5915237128478,175.73086440512802,162.55379742717358,0
0,178.5293415480916,175.75298698406476,162.57738015576848,0
0,178.6273762054622,175.77195109679582,162.68670180378663,0
0,178.2603944871601,175.80647982535802,162.7950474722392,0
0,178.402433720471,175.91046190599909,162.73497055533718,0
0,178.30201509068525,175.95971948374768,162.62389180230429,0
0,178.36898598108905,176.04657024857394,162.60737137636673,0
0,178.38893340608573,176.13670734003787,162.3395778379868,0
0,178.37478563969987,176.02381394468185,162.4638890085651,0
0,178.6109513293554,175.7904134891958,162.44169306705038,0
0,178.44395486515515,175.92848964139273,162.14949194972573,0
0,178.6970940206095,175.87427369673964,162.20847941772172,0
0,178.64253387307926,175.7245229669106,162.11037991089142,0
0,178.64051252307087,175.75248846127172,161.9947335863623,0
0,178.57422524206322,175.94309050383677,161.67453911237368,0
0,178.82961925781512,175.69903610769,161.70999918006618,0
0,178.52979071009347,175.62656190740282,161.35913503603587,0
0,178.77464475654014,175.2571921853227,161.53370629318755,0
0,178.65666326273094,175.10608426034094,161.2825228836612,0
0,178.51163740908882,175.318102794928,161.51869700251908,0
0,178.6988922946319,175.3609539586187,161.84985704379318,0
0,178.59027807960453,175.30615843431548,161.89362322689374,0
0,178.72172572901147,175.54848826504195,161.72317717007488,0
0,178.85495548235698,175.00245955386762,162.1638401650733,0
0,178.63729507683303,175.4077699267424,162.04005014271078,0
0,178.58784798618652,175.58097641141842,162.18220493450278,0
0,178.65392729261433,175.65749009722353,162.09377385844454,0
0,178.49392767143414,175.71869739436426,162.19465626539417,0
0,178.64575460391094,175.5632389142696,162.15849096230122,0
0,178.82474408062677,175.47932467633092,161.81196235195566,0
0,178.6149703825186,175.47957940492765,161.8929023611894,0
0,178.55475702440657,175.55987945643287,161.94320630672962,0
0,178.74043085352807,175.45407896879024,161.6998971647573,0
0,178.9491344457601,175.31836566268717,161.88181952785365,0
0,178.55306170749756,175.46159589956952,161.83212023859303,0
0,178.6467741656362,175.23123557705185,162.0686538567621,0
0,178.7048187692807,175.80069320351757,161.69724685041015,0
0,178.68456992838858,175.74396572016997,161.75818789463267,0
0,178.7719722459179,175.5797542324253,162.05700348506917,0
0,178.8033292398615,175.8264303529024,161.80736512029108,0
0,178.8034497032435,175.81064588241824,161.8631144361122,0
0,179.11882690877616,175.8364645038341,161.95315073473876,0
0,179.07263670294307,175.76600493175408,162.0443882213207,0
0,179.11210366873038,175.71027097039158,162.21264473656123,0
0,179.25661102605008,175.5209146108799,162.05950912891618,0
0,179.26870467003394,175.77370182290528,161.6623746518099,0
0,178.83047027900753,175.85616078472037,161.8230328416699,0
0,179.11751453847415,175.6878216147925,161.73107305244687,0
0,178.91347575012927,176.21548390406159,161.73829532741308,0
0,179.35934158750604,176.07083926714373,162.18199477216686,0
0,179.51070938861653,176.32036786846515,162.46951176429928,0
0,179.47200454588503,176.55172614891856,163.05508978075608,0
0,179.641064745581,176.74841319546297,163.0518894901777,0
0,179.2024911253866,176.96668205168362,163.92950632136223,0
0,177.9619230838887,176.73257124298266,164.46960326003747,0
0,176.6751319836078,177.3432889182281,165.67513503203148,0
0,177.28682949624613,177.0538566719177,166.75055551510056,0
0,177.40638474384332,177.4929294331738,167.48007385672395,0
0,177.85484162463595,177.1003432821099,167.93764462946731,0
0,177.49822065124727,177.28043327023434,167.19998419872715,0
0,177.46032104573789,177.07359813983334,167.47874426226576,0
0,177.33048795943674,177.276083924196,167.55776033298423,0
0,177.68363385133534,177.24395522797641,166.94167842156324,0
0,177.5914209166592,177.18984958002838,168.14491670064322,0
0,177.73889731304897,177.14312336290365,167.6454959548892,0
0,177.82808546961374,177.17998092678758,167.11023159285992,0
0,177.3305331780435,176.81855583607947,166.65746475555054,0
0,177.6132881661983,176.5757212528846,165.79505653023594,0
0,177.8409084594916,176.45903829377227,165.95003663003337,0
0,177.41230950659684,175.7347431723552,164.95128894190546,0
0,177.70514319722804,176.27542281008533,165.11715008830785,0
0,177.983630937837,176.4437756807348,164.22733045173325,0
0,178.4384316803926,176.08071369901955,164.07125108740115,0
0,178.88259565734668,176.23531353404746,163.92184602390645,0
0,178.83293742878337,176.68597900651073,163.7369043938327,0
0,178.64557195533962,176.78650516845883,163.33262311639908,0
0,179.09414492697255,176.48137746002595,163.59552183929782,0
0,179.08727386319305,176.533259033086,163.68380977504776,0
0,179.1537942069711,176.70831952016349,163.61393350733036,0
0,178.88672709181103,177.01236912034074,163.71887187122798,0
0,179.15635186728323,176.70950198282577,163.9659885289904,0
0,178.7667417068024,177.1276627064078,163.0288576052251,0
0,179.051939989448,177.3664497333834,163.20925122344946,0
0,179.3086860776708,177.04741542816936,163.7460866186746,0
0,179.3394574822965,177.40657525814586,163.37179837043928,0
0,179.3408667305099,177.39961931656305,163.57016636100502,0
0,179.28350182919695,177.16763353810347,163.7972043213799,0
0,179.13652113226,177.29171125829671,164.22172541735594,0
0,179.25158566056223,177.2177994149455,164.65405532685173,0
0,179.1657599989112,176.98975140755024,165.1507763846427,0
0,179.37322019144983,176.93826770272486,165.80793070417312,0
0,178.60381843485277,177.8982968679165,165.50339064175466,0
0,178.38754359270106,177.58644601747153,166.64603248955652,0
0,178.84378219892739,177.52973822653504,167.69573462709138,0
0,178.97689365445842,176.84364756724736,169.02719628949228,0
0,179.01292598821541,176.79044721831906,168.79298872554668,0
0,179.11523375783173,177.68542177241395,168.68150968832342,0
0,177.5472645282734,178.11953601691832,168.4890124959181,0
0,176.98946394200695,177.9031432625421,169.49090891190502,0
0,177.08469101936635,178.3258340521503,169.84586376341662,0
0,176.45021573487594,178.60194276227313,169.96354442376335,0
0,175.94347994868355,178.12776523826057,171.0426813997104,0
0,174.522117858353,177.7492735790575,172.1395348944895,0
0,174.4889294873751,177.89548302071728,173.47797327721227,0
0,174.92894266301255,177.879026372975,174.7701494446756,0
0,174.5447212529078,177.6521861220747,174.88802727314854,0
0,174.7881943428662,177.82692608729562,175.9180687695011,0
0,174.62094611973507,178.38904294173045,177.11359009864,0
0,174.81038781794146,179.2731626855704,176.44314283981103,0
0,175.86561809175674,179.03872866481242,176.09937289635377,0
0,175.61084660251439,179.4334888748075,176.08582769551225,0
0,175.49841550486707,179.03801785311794,175.64879055262088,0
0,175.39640840816773,179.81261420737744,175.2075107038248,0
0,175.80008739013985,179.49353134559593,174.75261292428317,0
0,175.46744757369328,179.8197166875104,176.10750193615505,0
0,174.9352533763614,179.33032471761342,175.52434574051472,0
0,174.17222163679506,178.39293533353148,175.81444779204529,0
0,173.98308479293559,178.5862556506424,176.30338142798067,0
0,174.60984944736325,178.65361230101885,176.6066820015769,0
0,174.7242378987707,179.0569175622215,177.60846198383703,0
0,173.61869177189973,177.56881282064742,176.5825212115155,0
0,173.83526944691928,177.62709517571278,176.25489615789954,0
0,174.03332458591592,177.3526821817066,176.84922040927668,0
0,173.31021820733548,177.08018947549834,177.78856359966792,0
0,174.3672175671586,177.8013138965599,177.59616966389393,0
0,174.32107065578842,177.50821813139572,176.84810929103497,0
0,173.6805697897433,177.05841498080858,176.2896725855628,0
0,173.58211166291127,178.07979218479602,175.4951790958025,0
0,174.38556059869927,178.28274967379926,174.78870010234633,0
0,174.05839692836233,178.03964305757793,174.55471890955545,0
0,174.5644475309979,177.81366166317844,175.26011348388678,0
0,174.30402102386788,178.23175069474905,175.11036109364713,0
0,175.24227608400193,179.54852367383475,174.98879299529466,0
0,175.20064666429798,179.2567371568449,174.52399860991358,0
0,175.08434469340642,179.00325804345292,174.12425262531448,0
0,175.0729375090075,179.45296955857629,173.21781394378917,0
0,174.95369861421236,179.54453562437192,173.6608906592457,0
0,175.44003574151657,179.3399099891006,173.699642313377,0
0,175.28313541783854,178.8471521909665,173.1209951768928,0
0,175.0549434227474,179.61738447130472,173.66938265465348,0
0,176.22595130650737,179.44261249991703,174.2087217877108,0
0,175.7940116691535,179.4220181695178,174.1618195662465,0
0,175.5384521206252,179.72790488107324,174.47257618858617,0
0,176.55421751440585,179.23553354988283,174.3275145005905,0
0,176.1896837992144,178.14088750740754,174.5209831205136,0
0,176.72282330216586,177.75463991479202,173.48094834109358,0
0,176.26439166238487,177.34239975244262,173.5483459856736,0
0,175.78579128059516,178.7532039543247,172.42166953225484,0
0,175.5943922409171,177.9493072225936,173.23317766277847,0
0,175.47703431213762,177.90780194810458,172.974795976411,0
0,176.2716377425146,177.2979415057405,172.0284256672867,0
0,175.98583795512846,177.32354104527087,170.2639309341673,0
0,175.94929875486218,177.22920087388985,169.42580944923563,0
0,175.7403916266593,177.11572029304958,169.65766902367147,0
0,175.87861105143855,177.1219224495908,169.10373441430337,0
0,176.8438233302239,176.89280347441502,169.34197023623426,0
0,176.24392828420088,177.27480437024303,170.31890411277155,0
0,176.8423974159094,177.938284296886,170.19995547771396,0
0,176.96430586463904,177.44852552852547,171.04929743080018,0
0,176.84631955510682,176.96813248657523,171.85593849894107,0
0,177.03142351150848,177.0594430999486,172.22212462639433,0
0,176.6741613712884,177.4311060905719,171.78788693702805,0
0,176.91957594806428,177.2242991159791,171.89365988105286,0
0,177.05052446596312,177.09443510858682,171.74141714129888,0
0,177.00155533977548,176.76791971750674,172.47719583429605,0
0,176.94970282946662,176.31567126366147,172.20108324203585,0
0,177.14538412785362,176.2678276204322,172.28122921427143,0
0,177.38498116797464,174.95675183684097,173.13471979504848,0
0,177.34377285134298,174.4419259065339,173.01810558536607,0
0,176.89182539442032,174.27481213961818,172.20982854468627,0
0,176.38764939163644,174.93388476440492,171.5916118274282,0
0,177.011540030767,174.58680291929338,171.57645593771448,0
0,176.85846837573735,175.4534795675042,171.22171605449202,0
0,176.9335332164353,175.73162275348022,170.85368027935394,0
0,176.86275070709183,175.66026260027567,171.02003069072012,0
0,176.29438259302296,175.54971283940094,170.9620592475022,0
0,176.43474741206495,175.13242729246744,170.6859439663369,0
0,176.36185983882174,175.16465585848314,170.28820182949445,0
0,176.17613708344265,175.2635010938201,169.927546986388,0
0,176.225046918113,175.10913497536197,169.4094109296738,0
0,176.8253826239068,174.98127761959424,169.12200616815412,0
0,176.5541351860973,175.41342565251372,169.2946663561092,0
0,176.75116807373163,174.86742109683868,168.91526860537428,0
0,176.5087054721158,174.7995180150998,169.04118786750223,0
0,176.67354416341868,174.5709009790647,169.3288195667889,0
0,177.08662132400943,174.013109252961,169.3203175504323,0
0,176.97254018057853,174.011075427376,169.19383573445543,0
0,177.0778139341813,173.96401636035034,169.05017475589062,0
0,176.57011967964718,174.2997812891069,169.02999186269082,0
0,177.14523489571002,173.827859894971,168.83653177544448,0
0,176.662604252723,174.80159856452275,168.5863666947104,0
0,176.48184371772535,174.99402834894587,168.60273509177077,0
0,176.500200772287,174.89403746898202,168.5523565396777,0
0,176.6822623262245,174.46502878118753,169.01554725867226,0
0,177.2007679030563,173.82091164013903,169.37568702258665,0
0,177.2129888701004,174.49210966611554,169.39030530771433,0
0,177.39771260913773,174.9903077953738,169.44977956176228,0
0,177.34293576599362,175.3510529501116,169.64695793873116,0
0,177.27289303512487,175.4487946640303,169.86160076722712,0
0,177.32499602004555,175.3757877878757,169.797491377315,0
0,177.87374276845367,175.20211340197565,169.7467128914272,0
0,177.8872315701188,174.84841399121854,170.63143772876907,0
0,177.69208603981753,174.85174055316523,170.39529832314435,0
0,177.61840201376293,175.41076914160115,171.0405361123012,0
0,177.79498873322842,174.5941045636344,170.525269106645,0
0,177.9177641920695,175.00386812038997,171.22010313444738,0
0,178.20545490118027,175.39073480903258,170.86376864855205,0
0,178.39538868768517,175.54074139371153,170.56331311997187,0
0,178.16172957808297,175.5493521756329,170.59549701123046,0
0,177.72183807193787,175.4010595862381,170.27648596528957,0
0,177.92788960967553,175.11619088733804,170.40594446359202,0
0,178.21745120991469,175.5705505460912,170.46430371411785,0
0,178.2475963436323,175.36199239810432,170.67345704938157,0
0,177.847751414917,175.82238329634444,170.46956107013037,0
0,177.55666919564194,175.76423972087755,170.77018087202703,0
0,178.0466814960101,175.8179974391454,170.5993510943198,0
0,178.312552193314,175.43884016327107,170.94087548050135,0
0,178.0488055329175,175.23495069022175,170.91586105129184,0
0,177.83790986698085,174.90003662993087,171.02520914705642,0
0,177.38443879501716,174.89500807860728,171.46358491052717,0
0,177.64015807596672,174.93867553359283,170.9657514975549,0
0,177.57625145182857,174.79912857234325,171.59274908272195,0
0,177.77781521327597,174.85970293094425,171.19857333702407,0
0,177.60185634563123,174.86619263047922,171.25771115522036,0
0,177.62290530842574,174.4585504790819,171.26021661370117,0
0,177.6810529946656,174.35140009287204,171.27479440075487,0
0,177.83538025042887,174.44982784048213,171.23665364764565,0
0,177.52490751967142,174.87044335716544,170.95353891638922,0
0,177.59703897038185,174.66243200021333,170.54589342758842,0
0,177.58853465037518,174.59112608884894,171.19417553047134,0
0,177.78884690314973,174.09386169459083,170.9527396050052,0
0,177.8297638271057,174.15617454428698,170.551230652017,0
0,177.61173991201534,174.39176343229957,170.16403057992275,0
0,178.17957497721693,174.85912804930481,170.3425877343697,0
0,178.03358933520596,174.60747325051605,170.4663210552276,0
0,177.92771529382324,174.7489406948605,169.78685491925248,0
0,177.89445861302065,174.8843316421807,170.47715290383567,0
0,177.9298115451104,174.88211233693212,170.292102878728,0
0,178.33991663301347,175.27060785592022,170.10504927434948,0
0,178.0399281522491,174.37108249477635,171.09879597046597,0
0,177.9257902353429,174.40504473005961,170.86189888177813,0
0,178.06931168572532,174.43161409996765,170.62553816389203,0
0,177.91230643841564,174.6046926120947,170.9933239903157,0
0,177.8344048364823,174.51318830898484,171.25332847709205,0
0,177.5730044582017,174.43637188016837,171.0525568889696,0
0,177.63503315187396,174.88371820836554,171.06779228498564,0
0,177.53185921086902,174.51538452075403,171.19947346361053,0
0,177.51080029048836,174.7800143693165,171.06664421076337,0
0,177.2686508440606,174.37281261300882,171.10917395926415,0
0,177.79319386470874,175.4275062045127,170.6650041045496,0
0,177.71364668804497,174.54631006204758,171.1686420037775,0
0,177.37555741028734,174.46218393658916,170.70815600675294,0
0,177.38382380584164,175.03042602931689,170.55396425386445,0
0,177.42650694835314,175.24416822817898,170.7136203953961,0
0,177.39611808555287,175.30990436932026,170.65281057353727,0
0,177.6865156111036,175.01703745112852,170.3015424052352,0
0,178.20453589123304,174.9379701546941,169.94421024224349,0
0,177.7884007139086,175.11333762898067,170.18680121344894,0
0,178.11664683581677,175.40120298874643,169.64460970927624,0
0,178.14039609054117,175.55199155012494,170.03194428779528,0
0,177.72726720725902,175.2043922927297,170.7076381495619,0
0,177.8334526919015,175.1497708575263,170.52163180159874,0
0,178.08335702789054,175.35338290138822,170.4056593718981,0
0,178.1220988857494,175.26680571612735,170.66055896169874,0
0,177.78783712889756,174.94360966992204,170.81709617067943,0
0,177.95659487126713,175.34405976831442,170.7129942752856,0
0,177.68357947920538,174.8124018524947,170.6796866231405,0
0,178.08868861900004,175.17178178848266,170.20888608607203,0
0,177.86638137172994,174.8834514832768,170.7226286764774,0
0,177.84182031444223,175.48856026976338,170.4938160009505,0
0,177.90568949661363,175.52322932600867,170.44659263385148,0
0,177.59659542030565,175.20264717299057,170.71646443027316,0
0,177.9667646183118,175.79181884000866,170.47665969678326,0
0,177.7864077626603,175.56473246689293,170.6720756846172,0
0,177.73471696403973,175.45993721705656,170.35224309875562,0
0,178.0672771774469,176.013050506821,170.3165894796265,0
0,177.77082472476832,175.62863640434085,170.1471882777696,0
0,177.97328706277992,175.9503666328111,169.99481430878654,0
0,178.23234106754694,175.79480059965388,170.12967669595565,0
0,178.0428074096287,175.9713523283661,170.0021786871427,0
0,178.42781434215874,175.69907727937482,169.97582619881788,0
0,178.0465350759183,175.73973983800738,169.9290620144901,0
0,178.3822858380744,175.77769090601365,169.98621922877496,0
0,178.0255423784148,175.97584924857046,170.32032946947209,0
0,178.02244447066562,175.984632867177,170.1533690778759,0
0,177.89754132992172,176.22486854686244,169.84552050408703,0
0,178.15791544469067,175.91508795967735,170.2825028661165,0
0,178.18404727663452,176.06900831204058,170.27210585123788,0
0,178.20081406767488,176.22613723014794,169.92976205791078,0
0,178.1052443106993,176.21941480383379,169.869698000106,0
0,177.9184943381194,175.62781529225023,170.11843346762086,0
0,177.86863357319172,175.52013825373032,170.18218853940922,0
0,177.97026892183487,175.66429667209866,170.03925840116847,0
0,178.30994567732088,175.62319273677372,169.74785845678628,0
0,178.31002310122383,175.83666302910933,169.41059525898754,0
0,178.23231808873626,176.05536525088579,169.46518140132312,0
0,178.18940875955568,176.08556502034017,169.4260953053135,0
0,178.07045866129397,176.2814809599041,169.33836146173894,0
0,178.09130046581762,176.39911305091346,169.36779282413025,0
0,178.40803409646102,176.114388520885,169.26570926294417,0
0,178.0425931133866,176.23061889890005,169.35987406250436,0
0,178.1932657937237,176.16177236536424,169.46237419914837,0
0,178.40342003773284,176.28307610061043,169.50101076297588,0
0,178.71331322465073,175.9583945495018,169.13652402875118,0
0,178.78113118861435,176.43028368618513,169.02228620285214,0
0,178.77266088939456,177.04611736760975,169.45981136482112,0
0,178.69211628697926,176.83016465942376,169.55331854078705,0
0,178.48792465717742,176.3389873020558,169.533216017891,0
0,178.32783011204882,176.19884720011777,169.17590697539393,0
0,178.77175411920985,176.94331061186594,169.49545349586833,0
0,178.17430078330955,176.8522300042532,169.58684316436293,0
0,177.93662245581731,177.2810388792515,169.24447350178116,0
0,177.6494717947466,177.76814440952643,169.8178665282864,0
0,177.09932860060545,177.69898856451456,169.02509355048596,0
0,177.91217948934985,177.75756871745878,169.50421368159948,0
0,177.64786313949128,177.34922116793683,169.09564049945647,0
0,178.21680330653496,177.86430044321725,169.0513518857556,0
0,177.39274064374194,178.30765369114854,169.36743887906397,0
0,176.84638141253356,178.24626031478027,168.9268603419343,0
0,176.8951994427272,179.27727057901643,168.74595840637596,0
0,176.49507237230083,178.61605971790397,168.34723384996536,0
0,176.69973446543662,179.06723367528195,168.15756253908384,0
0,176.4420599936313,178.7834745834185,167.87760919330222,0
0,176.42778151723832,179.15381234938587,167.8872717010628,0
0,176.38968732926585,179.0700213632693,168.2225573485458,0
0,176.30729618491057,179.13014842361824,168.2120975704644,0
0,176.22244162459978,179.3325178483475,167.69720992360976,0
0,176.56708489817464,179.08962139684326,168.00321682847425,0
0,176.32255512692154,179.28140514416734,168.2604113286588,0
0,176.32987547463756,179.59227650729497,167.90978675083622,0
0,176.68238027742527,179.16009461225255,168.06459606693988,0
0,176.47678121393827,179.64532357852298,168.19916595249262,0
0,176.53113953296395,179.34441716255097,168.0941573282247,0
0,176.82186668673893,179.08767116343233,168.32302124683832,0
0,176.8063468115398,179.26229073503083,168.86080275238717,0
0,176.09939321977717,179.31750776137005,168.6283956859847,0
0,176.9609267389443,179.17514220180172,168.70647039448326,0
0,176.79810473487342,178.9714162752498,168.74363726870385,0
0,176.57284389151982,179.71936292139998,168.2062695239212,0
0,176.84315313223527,179.09687300073188,168.04626645755928,0
0,177.2514039872343,178.70926983689424,168.35625496508405,0
0,177.15213978973713,178.73794271626244,168.4550201175659,0
0,177.4800339616631,178.4345664698163,168.6088059429013,0
0,177.92426689958964,178.38193827757092,168.96197503665675,0
0,177.0611151362938,179.0488491495117,168.64878999018032,0
0,177.27314980034683,178.66280429467272,169.0491335240632,0
0,177.2470399368204,178.60379227499448,168.92916103378215,0
0,177.47018018505582,178.09844784142504,168.95713821534432,0
0,177.77472643689595,178.33824304911897,168.63043765219663,0
0,177.61456179435302,178.4854033265035,168.72521869046153,0
0,177.40337708397124,178.8626754899506,168.894736257188,0
0,177.51678960338268,178.50377500780948,168.73473572796397,0
0,178.11137924717923,178.63747875670558,168.80506949163723,0
0,177.67931823971674,178.40543978808523,169.08892902114292,0
0,178.06819653115568,178.52724232314173,169.1019502201311,0
0,177.44176498011987,178.26551025626316,169.4444725102228,0
0,177.3418365481873,178.00680712078892,169.33654976235965,0
0,177.61827764302643,177.85579808797976,169.80522015378136,0
0,176.71800325101327,178.82494910683587,170.03465194335487,0
0,176.97251458643956,178.98949889083354,169.72597022639755,0
0,177.45212978605298,178.73979870204556,169.34734835814916,0
0,177.26468835573345,178.76871152838322,169.47194797751698,0
0,177.490571913894,178.52991371250806,169.48119281547176,0
0,176.8949924066725,178.42114813654683,169.56882697312935,0
0,177.58467461562873,178.23856821637924,169.36098088658872,0
0,177.47444656233804,178.5913828573881,168.95388278849776,0
0,177.71900141265206,178.2312007531111,169.25604056653927,0
0,177.25755451595543,178.71947065213158,169.01950081688065,0
0,177.70705876600184,178.5117905999175,169.28050115873762,0
0,177.15311761063268,178.72179246386798,169.22047937501097,0
0,177.836641682982,178.21337131323116,169.6923351360724,0
0,177.3488444987399,178.39565843752095,169.41683346646343,0
0,177.82548447167568,178.11844316613426,169.40726454473827,0
0,177.8560298793096,178.27284392012967,169.3572868744474,0
0,177.72188696315075,178.46674187382402,169.19582505027634,0
0,177.68496146235003,178.63379418893584,169.39421651009482,0
0,177.66040425779806,178.45726583449238,169.163868624596,0
0,178.05732856977508,178.40185398122503,169.542636281996,0
0,178.21197762390614,178.33466391280717,169.31184125068305,0
0,177.8121766017523,178.61423630415536,169.2303417592253,0
0,177.92184403718818,178.45956815827446,169.14147885308947,0
0,178.36682357878166,178.2040810287532,169.3800385462377,0
0,177.2075284206565,178.921588814596,169.11818710975203,0
0,178.02300865477233,178.19530365856428,169.38350579698334,0
0,177.9455774249852,178.28818270528512,169.33893070692108,0
0,177.5850784415569,178.47684205568396,169.22670840286705,0
0,177.7628602441994,178.41596515014868,169.39951076673748,0
0,177.52591556156258,178.61537940717616,169.1059006738013,0
0,177.75840448423546,178.41605006792375,169.12859866386006,0
0,177.83127759162485,178.45831580026842,169.2288169549905,0
0,177.79861659511897,178.46739002192433,169.25993097996076,0
0,177.36086255200564,178.6925601740997,169.33758399264173,0
0,177.69309048928363,178.6255640138731,169.11100281197488,0
0,177.7850865552893,178.52521481186338,169.15639032593438,0
0,177.58671995566112,178.50145786145808,169.34474496208622,0
0,177.47092941790035,178.62662955870863,169.11000383345717,0
0,177.6200723488092,178.6389664704058,169.07745469996277,0
0,178.0406638835194,178.73797191841004,169.16583679556953,0
0,177.54836636452384,178.4355441467354,169.10530046685838,0
0,178.06920456197327,178.4983925811805,169.02898039761533,0
0,178.34718777144218,178.12474549679692,168.79510829810425,0
0,178.2499869713564,178.29655383082832,168.95599431679912,0
0,177.81871844088448,178.6379712740767,169.486986681699,0
0,177.75296110029058,178.49764937189127,169.20559899122657,0
0,177.87940201867536,178.4028171207168,169.2409954117376,0
0,177.49405477140868,178.48171376536098,169.44210096933955,0
0,177.84465812444967,178.41562825443265,169.64985782291882,0
0,177.47839770010512,178.6087710980331,168.99456895692808,0
0,177.71655748059626,178.74069356078562,169.1417321488643,0
0,177.6263700695165,178.56851308027476,169.43471232619348,0
0,177.75534989529342,178.44412048021485,169.25125237586076,0
0,177.5608887285332,178.6050677014814,169.02613091349846,0
0,177.63801002665548,178.51803813889433,168.95965325371355,0
0,177.6529778378325,178.55499715251926,169.05468691047568,0
0,177.77564463533838,178.35453072326794,169.16330639409918,0
0,177.71277373387434,178.3379806350244,169.05269942918315,0
0,177.9773366149988,178.5422727905987,169.03038406365687,0
0,177.74790682944715,178.38846532940653,168.85537253239556,0
0,177.79203030257452,178.76431405182242,169.00780048236356,0
0,177.78479920270001,178.52880394623895,169.23266633332543,0
0,177.3752051642059,178.6434979470856,169.37235684920242,0
0,177.76582798739676,178.6181167333622,169.16233232106538,0
0,177.83316113966708,178.81134329304203,168.85244777573095,0
0,177.8786213436721,178.5337434102002,169.25298779964808,0
0,177.54174671787757,179.0286494852985,169.0283961101267,0
0,177.7860635881003,178.74259075698484,168.79834498958314,0
0,177.71437497975424,178.80317456502434,169.13813731982134,0
0,177.33361578738524,178.77418521171964,169.5349015186761,0
0,177.56833326111038,178.88271121661938,168.961061165574,0
0,177.74285618825738,178.2831526499002,169.3463244038654,0
0,177.5254104661173,178.84782041445845,168.8893828991483,0
0,177.8329545697289,178.3302206416225,169.10395132499585,0
0,177.96334505902593,178.4210376836119,168.9613873709864,0
0,178.09309486965003,178.81247651179658,168.89559537283415,0
0,177.9616200705609,178.68440823962132,168.78217895521004,0
0,178.08731231917238,178.569430585504,169.0970635747661,0
0,177.258625379337,178.67524522357192,169.21602796853512,0
0,177.73096093271994,178.34782329716006,169.15131785333062,0
0,177.90961814352565,178.4992941768908,169.05733328624473,0
0,177.7889665235612,178.6575529083116,169.32188404039346,0
0,177.73237144116305,178.53043168524516,169.35775237204615,0
0,177.5028154329379,178.5393389430098,169.28711635542464,0
0,177.79833328611718,178.44932299846698,169.37399547224297,0
0,177.59788492346914,178.52071907887722,169.51816407004432,0
0,177.51491014656375,178.46541531780022,169.44638774482416,0
0,177.38598484417108,178.53982393610116,169.35149864940354,0
0,178.15561393546218,178.42824344914214,169.2474467567968,0
0,177.58741025187837,178.58404732920974,169.20353853446088,0
0,177.76747581515343,178.5545501722977,169.1693532573705,0
0,177.78744301262563,178.60266806017606,168.87638394924926,0
0,177.8236698562872,178.8387738678503,169.01166683257597,0
0,178.08831816948904,178.69462782248016,168.92953472610253,0
0,177.93346244312838,178.79067354640628,169.20286940661813,0
0,177.82034931019533,178.6966882683559,169.36753412563957,0
0,177.31602963907747,178.77424264483744,169.26697893178775,0
0,177.74788963829457,178.65789059932823,169.2416498273103,0
0,177.54324254702138,178.88031986469076,169.33310450532744,0
0,177.79254878163007,178.6950280910085,168.81672840525687,0
0,177.9076275931557,178.8810967161707,168.83033096359406,0
0,177.89279623089038,178.8959879024288,169.06302590140592,0
0,177.5446759959614,178.5557387697977,169.53245926786394,0
0,177.53674604195803,178.46212206614982,169.6468355813141,0
0,177.2585029806456,178.644455826113,169.6133370143342,0
0,177.4642074301708,178.50099660933438,169.8356832233602,0
0,177.33908954853783,178.74839771635135,169.69247333982443,0
0,177.313813753717,178.42169729872185,169.75676368363855,0
0,177.6229418146062,178.52423767932441,169.79482306920679,0
0,177.1485210037797,178.6727845641545,170.14269358792978,0
0,177.3886213349414,178.48713971944454,170.0378866262388,0
0,177.18087562814188,178.81741914341453,170.13842391850014,0
0,177.16619136398484,178.9189083477468,170.24004155231486,0
0,177.10080161351038,179.02754170582025,170.30794080148993,0
0,176.84375245005097,178.47658425034308,170.53180984544636,0
0,177.06458532775602,178.47837050800442,170.59477479718817,0
0,177.0965525340602,178.18376951529166,170.84905453722342,0
0,176.89215035362128,178.61075003297796,171.75903489709486,0
0,177.0264547941361,178.71567479215955,171.78811184267093,0
0,177.0445153097775,178.66932526988487,171.60842768320376,0
0,177.25901504582896,178.7335854195351,171.74303174760672,0
0,176.98652078964815,178.75149021161593,172.05030441351832,0
0,176.7987868608405,178.97388192081948,172.29050614678448,0
0,176.9611880842381,178.52389783971466,172.13617595995396,0
0,176.62206559643926,178.60161446609843,172.14430030568974,0
0,176.7966557922806,178.51104920448483,172.3526712231015,0
0,176.71735030053966,178.92599754770447,171.99272818960324,0
0,177.03225518565702,179.05167888704855,172.42051479314955,0
0,177.57794909406448,179.88424329254488,172.22954812562355,0
0,177.37331917711123,179.98813558470633,173.13169012453815,0
0,177.29688110247784,179.71893338758983,172.64252511733687,0
0,177.27339623968632,179.87805612217983,172.56213893061218,0
0,176.51464357519487,179.30165451193216,172.7342355945335,0
0,176.86606861439262,179.0444245788858,172.81770938428733,0
0,176.15869265346012,179.96737549285956,172.6316155198543,0
0,176.32345991743657,179.49752898234775,172.38009694523322,0
0,176.4872138931523,178.86076987840957,172.47210181512418,0
0,176.54527942387384,178.65508572783077,172.7063633058939,0
0,176.2212041474612,179.91141698698792,171.46172026230184,0
0,175.6959942306402,179.99273813395402,171.14401518505568,0
0,175.71411618649006,179.29990192810618,170.17968353829505,0
0,175.57106501347513,179.11365030672914,168.02572013214214,0
0,176.37694019279925,179.52472402814612,167.83706376540002,0
0,176.50647204765627,179.0709903377636,168.39824216811436,0
0,176.31108588163477,179.3848327076786,167.51137244696253,0
0,176.74308506309518,179.0845977097811,166.9488792835642,0
0,176.589792061654,178.93453542392484,166.96638801724546,0
0,176.58486218890036,178.78478527214776,167.4332060005159,0
0,176.0855849812995,179.43386169566972,166.12752705994325,0
0,177.50258827803864,179.9560485331529,168.2102233363961,0
0,176.61612366252157,179.69571915427477,163.63179363812625,0
0,175.7711718755808,179.12875002536657,169.31502690114016,0
0,176.1424392587001,179.4444235773242,167.22484091911673,0
0,176.19057818903596,179.3177283141061,167.22257115485462,0
0,175.9482212040837,179.6752789545785,167.2684429640369,0
0,175.6994497849596,179.7024754363762,167.95507432194876,0
0,175.45548179455983,179.3028662472517,167.70870714416927,0
0,175.1406465419665,179.5808666575663,168.54579314341288,0
0,175.850566259166,179.8825605115743,167.88938632483595,0
0,175.4602434105598,179.79855706870347,167.92751386766574,0
0,175.87265275723354,179.82365268269726,168.60144790619225,0
0,176.1518443452317,179.44037785441603,167.63916442167988,0
0,176.73449687829543,179.6172624645576,169.25795006616582,0
0,176.48578891421008,178.2300147574903,166.34627658997655,0
0,176.2326753328106,179.16077401913103,169.23476400203307,0
0,176.16683548301498,179.20184758598467,166.91605534906546,0
0,177.37030838706397,178.65926656476015,169.0649718710002,0
0,176.87396988150542,177.87259139359708,167.25569241864224,0
0,177.36762145513188,178.62501644443182,168.76855289676752,0
0,176.5163011785764,178.6643404319684,167.57749534860687,0
0,177.06407172634985,179.07365178871262,168.41565500011447,0
0,176.44456766899438,178.32846632067935,167.47019065890427,0
0,176.8326569424996,179.46328962610679,168.83035216670163,0
0,176.78554298029647,178.32497423803184,168.04870110874,0
0,176.98930752272443,179.27934057080395,168.86737735518244,0
0,176.45250110746872,178.2354474476113,167.47847396408508,0
0,176.582319878775,179.15007332070886,168.98759463265893,0
0,176.32663028444748,178.6406792435895,168.20444356011544,0
0,176.71114147523173,179.168130087203,168.6908182871018,0
0,176.34236679168993,178.1005566394435,167.76724313288685,0
0,176.90697339729863,179.49093373975754,168.3396936165706,0
0,176.2422336120362,178.37917612450215,167.41569155766564,0
0,176.0538253798925,179.7190114927649,168.78786714827194,0
0,176.42362138673187,178.56980304089433,168.8069323841071,0
0,176.40015404583752,179.39624446932868,169.32910497988578,0
0,175.92691301117895,178.44836642691644,168.8007427776185,0
0,176.66152412129682,179.49918735055732,169.53405980329669,0
0,176.42223280622864,179.44679209993973,168.5556260411554,0
0,176.54814984847863,179.4443647256239,169.02207068945535,0
0,175.86272037418075,179.65490106403362,169.4204064012346,0
0,175.690423412759,179.6887747474033,168.2722334975215,0
0,175.59365451743162,179.95708168745213,169.4535725352581,0
0,175.74213288825234,179.65650394352647,168.4661236321313,0
0,175.3576398804061,179.08652707065218,168.33165883601492,0
0,175.65825155974844,179.59548977110265,168.85179249488496,0
0,175.61315738975935,179.30966182366993,168.54403902191996,0
0,175.62546947398008,179.47086616344262,168.69225911484457,0
0,175.59108546362833,179.4889611389783,168.90603020955763,0
0,175.6789821805165,179.26326778509687,169.05482543368595,0
0,175.73740875419713,179.2819003359592,169.20712133119588,0
0,175.9812434698473,179.05975907693525,169.59851123571195,0
0,175.74216468665205,179.20456570091602,169.67200210912054,0
0,176.0629320554073,179.54355629190286,168.8621659900513,0
0,175.67881038081427,179.15987598255504,169.15258699985816,0
0,175.7543581545848,179.19740807784308,168.78809865587795,0
0,175.4932150844246,179.5640009477526,168.9588218594891,0
0,175.6523784288722,179.44312623225048,169.37326000206158,0
0,176.39903204480768,179.88503652754335,169.17226275546565,0
0,175.82005688171176,179.8338651649788,169.15723157803825,0
0,175.53452759457087,179.30131524141154,169.14718918682337,0
0,176.07987674765997,179.52138120396208,168.72860593674764,0
0,176.3062905290541,179.3872074251312,169.3656989915078,0
0,175.79366039645134,179.7823517650931,169.418802004881,0
0,175.63918405126498,179.7700343822977,169.5833046087492,0
0,176.11733387827312,179.17116366575723,169.64269545541086,0
0,176.0403388990277,179.812164393065,169.65814840955113,0
0,175.65158279974273,179.51847390072746,169.42963369820302,0
0,175.95344599832245,179.43628023165434,169.77535853282015,0
0,176.27014230959733,179.6210721229881,169.41540298116232,0
0,175.86787147092946,179.32636500263456,169.53092533916137,0
0,175.86264248927026,179.31191209611728,169.86948277521023,0
0,176.1838755832049,179.95623093672208,169.25988757605398,0
0,176.36554084461352,179.20925508234515,169.52751386050127,0
0,176.4624684317018,179.55506765566665,169.28458362652103,0
0,176.19595580567173,179.25334119366144,169.37871384397755,0
0,176.15236601137107,179.3318542953041,169.39560919941601,0
0,176.18780865513136,179.32531666817133,169.6934157345403,0
0,176.41749888060644,179.35619532765202,169.28903742148134,0
0,176.41239989409664,178.6584697740023,169.38914256799623,0
0,176.1749257884982,179.05942735352698,168.7309483956276,0
0,176.23008399226424,178.83301769628943,168.84742652081786,0
0,176.30617422963,178.72483514004747,169.08824345877673,0
0,176.26496940905176,178.9552088249436,168.42312870560252,0
0,176.332503772043,179.26392698890913,169.1765461175433,0
0,176.56618603920396,179.80270506104253,169.06733440754786,0
0,176.39144364682014,179.54951255264885,169.09376768221958,0
0,176.43013212019147,179.0441687015659,169.31347023694153,0
0,175.8696372173235,179.83912099492932,169.1270210248712,0
0,176.25052698555095,179.68812990469684,169.49301654221648,0
0,176.06347994269663,179.65202904272093,168.6976161334527,0
0,176.52488868259306,178.88706223031284,169.5173388771031,0
0,176.16585014193893,179.93962588822174,169.95745209106323,0
0,175.755507145828,179.71353790798995,169.71747005908824,0
0,176.4310816584905,179.72722833101463,169.81967056674682,0
0,176.36888556070926,179.88229805143442,169.97015238329712,0
0,176.16200337975727,179.83150318862673,169.45392259437835,0
0,175.85337729876684,179.61206054099154,169.63812860053636,0
0,175.9710124272804,179.71979609279418,169.36764686206772,0
0,176.0996406394886,179.62301326808108,170.06677916540576,0
0,175.44737106276446,179.54706845711704,169.96461871281008,0
0,175.7809593449042,179.597427242854,170.23387236813195,0
0,175.83141590664616,179.9718689174111,170.2478615943938,0
0,175.57492103498117,179.94745240185077,169.60461427400074,0
0,176.07971798360722,179.78441990875615,169.62911468707466,0
0,175.72073758305706,179.84886439193423,169.91291762339887,0
0,175.84068644887614,179.74347693317506,169.07059382474654,0
0,176.33916932296427,179.83407469429312,169.45285289091288,0
0,175.54323039612592,179.64271199910237,169.47230220530628,0
0,175.742642532665,179.83484812911158,169.7310890988633,0
0,175.59207475348984,179.719215042682,168.7111734842524,0
0,176.35013326745994,179.51835975099348,169.60425433162297,0
0,175.8282227322543,179.94422688190247,169.2653657888748,0
0,175.83648547573765,179.48178071010506,169.3217530015452,0
0,175.88335752658347,179.73596115997034,169.41408965455045,0
0,175.9618620582145,179.90264187914764,169.66627545253576,0
0,175.72642779396637,179.7878610384882,169.53879634828107,0
0,175.58778679068618,179.9891753644547,169.28049768107746,0
0,175.72214555566873,179.82778118710513,169.76279635397898,0
0,176.01553429394855,179.88644929721303,169.9655961889789,0
0,175.52536531278852,179.95952060846398,170.5230096613473,0
0,175.8068884248092,179.62449040660726,171.4216139934964,0
0,175.99061217133462,179.35806858154456,171.36671369460026,0
0,175.83224830497568,179.34869273734708,171.67620830140865,0
0,176.23581842825678,179.45569657508682,170.92032472754317,0
0,176.20999363413057,178.78129228080843,171.2210340558978,0
0,176.35587264231378,179.31713914772757,170.40913286032233,0
0,177.1300424955062,178.85507095501498,171.26706706949255,0
0,177.84318214881358,178.1513139414309,171.98671668447105,0
0,177.83688653182526,178.0790045096658,172.05851756561313,0
0,177.98856528269772,177.9915805017229,172.48879187871125,0
0,177.92181222443295,177.71434540129027,172.68381594844652,0
0,178.1651366354105,177.87135446681674,172.35654882323965,0
0,178.17816259384594,178.12691617332896,173.09296219184353,0
0,178.46840336367168,177.3384255985596,172.87446197970186,0
0,177.96905532436983,176.8511537454059,173.91674435248817,0
0,178.26765675977674,176.4706483407467,173.9114577552553,0
0,178.8157920237902,176.10326110921054,174.07378938484032,0
0,178.09445041086127,176.43049712861443,174.08661591625213,0
0,177.8750374691882,177.11088986829236,173.74619489141654,0
0,177.97333734360333,177.15857561665328,173.67669715021168,0
0,177.65994618721103,177.35002132637396,173.9027863879613,0
0,177.82418637311446,177.18130984487814,173.7994286988001,0
0,177.43586044554232,177.51189254279072,173.4584176713756,0
0,177.32728616446715,177.2398519827959,173.19600009290542,0
0,177.41404786415012,177.1772812531671,173.4090517312625,0
0,177.41207886477792,176.79527731165368,173.61400289081345,0
0,177.72257148237642,176.6556914561803,173.69540994120192,0
0,177.70065136590893,176.84103683383861,173.3460861438731,0
0,177.69902056213184,176.71339365552163,173.82291913803016,0
0,177.80216172976964,176.6801396655086,173.61737075093367,0
0,178.14234686054738,176.5443545578925,173.36208185033763,0
0,177.99395530211163,176.99718533638406,173.37290403131266,0
0,177.88700744099856,176.99918793191608,173.3951303857064,0
0,177.55120491153235,177.15417583083524,173.36686467910482,0
0,177.75409827480433,177.24444571818486,173.09567947252197,0
0,177.8079994805698,177.2062499039648,173.46368651765968,0
0,177.82195740549946,177.05945028164066,173.34869644646645,0
0,177.64669497079166,177.2414373546014,173.41891178077205,0
0,177.7517076805536,177.03401788238125,173.39035857707867,0
0,177.94440890052448,176.57956492370036,173.5015238966879,0
0,178.1036104719181,176.87943719822587,173.36506265783515,0
0,177.82724020783263,177.09622281656152,173.2256527972959,0
0,177.74068354785766,176.66358311412543,173.2472206020033,0
0,177.95283990538258,176.82205047500352,173.05267627999532,0
0,177.81607214472743,177.07154889097538,172.8160342126796,0
0,177.9358031421248,177.2273094804386,172.68770612099462,0
0,177.93705225596358,177.31345603235135,172.6386708642114,0
0,178.02015792917635,177.30987875776776,172.60731178450587,0
0,178.0073789766261,176.98665927333948,172.55409990247588,0
0,178.25346587510273,176.87590661519593,172.58366043469394,0
0,178.2416364504207,176.69334770626656,172.4811687471789,0
0,178.34827775318035,176.60963999560218,172.56638330504404,0
0,178.31899501868884,176.7828023075681,172.58620344667418,0
0,178.211838476838,176.81420032141654,172.2794628372001,0
0,178.30204822587825,176.61496317310804,172.4379627578507,0
0,178.09141883303354,177.13042618222238,172.45659765761854,0
0,177.7843175137242,177.08788084766806,172.56954884263428,0
0,177.93361291334182,177.17872310261544,172.32770632941242,0
0,177.68970783664238,177.16972372411624,172.47790566594117,0
0,177.64128139199252,176.96398054825073,172.50617649752678,0
0,177.9964602585169,176.9715110714419,172.3893299190923,0
0,178.04086529001466,176.87554679163372,172.56783604716688,0
0,177.9670966871994,176.95444358435768,172.57613442638427,0
0,178.19236673609268,176.90858941423062,172.34765996085216,0
0,178.46969345420817,176.82136737454292,172.2032847990518,0
0,178.53826392815319,176.675869826882,172.16741792936477,0
0,178.5023043881947,176.39375649865576,172.32695359659826,0
0,178.5412071548575,176.24738694327004,172.2652523812963,0
0,178.41231915279664,176.37557401347877,172.30608520020348,0
0,178.42672407141697,176.43583396901798,172.38925951448053,0
0,178.42472153634108,176.49088553553796,172.42613171963916,0
0,178.2934896848878,176.61519325323,172.51386522360707,0
0,178.10105738189645,176.78870810539675,172.45821823247888,0
0,178.06863390457775,176.78563796048556,172.56490087809266,0
0,178.0461392646121,176.7311980059393,172.75219339141285,0
0,177.79176841317502,176.8593044396447,172.72089900467097,0
0,177.83911553218775,176.7544501355454,172.779417177172,0
0,177.74879508291087,177.09252902455034,172.5095215084837,0
0,177.4803150415194,177.29178146799086,172.63876853841606,0
0,177.72754198686934,176.5909060725117,172.75947912377922,0
0,177.93680637807367,176.93991841601724,172.41670286205013,0
0,177.7221240682795,177.13051044053623,172.3986342052165,0
0,177.84696369446817,176.8354306089864,172.38489320511715,0
0,177.90022928496833,177.21869244018023,172.0727117516142,0
0,177.5726775928548,177.33633116080375,172.39952122181086,0
0,177.55754783524804,177.0580612472126,172.67281368275584,0
0,177.49321242066154,176.9707260806315,172.54919618834705,0
0,178.01157032251055,176.8201179351856,172.21893058660945,0
0,177.9431025327165,176.8438358288215,172.32214972839128,0
0,177.85168752832396,177.05838322149367,172.348811876395,0
0,177.69473703125033,176.87261255096033,172.42387486795872,0
0,177.7170553725278,177.21161243865575,172.3536977098402,0
0,177.5841886415843,176.99517316058916,172.2800783194303,0
0,177.91938562598554,177.2442729200083,172.05333504212072,0
0,178.19034030414414,176.7653442407791,172.05208216917072,0
0,177.79618906839698,176.83122593744693,172.3182305352382,0
0,177.98830937280607,176.75405082156112,172.28194568309306,0
0,177.89045891295723,176.8090087057225,172.23682139996413,0
0,177.96526147673353,176.88925034119978,172.20876641853081,0
0,177.80224116002796,177.09244811296944,172.46111167132494,0
0,178.04567744242738,176.8715095837609,172.39297897031943,0
0,178.03555082068965,176.83474445877326,172.32752605657043,0
0,178.46352140973246,176.40300476162636,172.45540864590268,0
0,178.35502885103486,176.62618364317697,172.3695770643815,0
0,178.28783781931287,176.51242999642565,172.23778981324264,0
0,178.17386395383878,176.994370194577,172.16114489605,0
0,178.27182423666827,176.75255029911534,172.03384035154636,0
0,178.2263771095826,176.81909574746683,172.17202937858565,0
0,178.2582273249103,176.66696231553334,172.107691573128,0
0,178.29193875278278,176.61944403095274,172.00494916601323,0
0,178.31738455870683,176.79690759030441,172.03354721637587,0
0,178.26579145687668,176.47785433940467,172.04725402179977,0
0,178.28522563750968,176.55344870646093,172.24423465539007,0
0,178.2414041088311,176.51555490312617,172.26610500250976,0
0,178.06918247353482,176.54950223050676,172.54299849531833,0
0,178.247623076203,176.49185391869636,172.2157127830253,0
0,178.34916749561697,176.2075838676345,172.39314687337344,0
0,178.26038211473943,176.439469412695,172.09404160723236,0
0,178.18652570172077,176.42250967906324,172.33595696544242,0
0,178.33919554791473,176.50188730306851,172.34177861188545,0
0,178.25568318320114,176.6669883896491,172.19449020746362,0
0,178.38852323966563,176.50883143308897,172.11192533599083,0
0,178.37341957052,176.524586198625,172.13299636029924,0
0,178.3418619855458,176.48210359415117,172.52170623791605,0
0,178.40492658898083,176.32860548566018,172.62585872822123,0
0,178.28269312922686,176.4682373223079,172.4487983464724,0
0,178.5466239339945,176.3938169795482,172.36336037606668,0
0,178.5065092608989,176.25522357662445,172.50166061212553,0
0,178.37017404127548,176.16344916669783,172.73019590238766,0
0,178.21110880155973,176.37665306144822,172.80984907955067,0
0,178.3463533289823,176.3299720259779,172.65868044096797,0
0,178.33259580206462,175.9481919548123,172.47211050243686,0
0,178.11180951160102,176.44271403488867,172.66370035156723,0
0,178.2633703654856,176.47728818986985,172.4113806594893,0
0,178.0671244508577,176.4807909677769,172.26071766842367,0
0,178.09882566177674,176.50620258446614,172.41982059378938,0
0,178.13926494626537,176.56673124347168,172.30431594437871,0
0,178.26727341088494,176.39980052620328,172.4769199768092,0
0,178.1430546218005,176.52867612024545,172.37701705693868,0
0,178.34758071949855,176.37877287465915,172.33727821929858,0
0,178.10416626100886,176.30253042712678,172.4757645331083,0
0,177.97741396417476,176.54010110599452,172.42032206201876,0
0,178.1834606010081,176.44689125829538,172.4628435940127,0
0,178.1916295371542,176.45319321271822,172.3711464501525,0
0,178.11914809478014,176.34273692411583,172.27058813182302,0
0,178.04196492777254,176.44461688537257,172.65869995364022,0
0,178.05940424533,176.5381700786509,172.456454847242,0
0,177.97574431734395,176.4516319818341,172.43452330432766,0
0,178.19308778644174,176.5717616913601,172.54188217624105,0
0,178.45233012951894,176.24280114235918,172.06152649731808,0
0,178.57184998199642,176.05064025153436,172.75886416354206,0
0,178.4870138263836,176.42224835103656,172.1240299842236,0
0,178.52673349222195,176.11206513372792,172.38722404862972,0
0,178.39393504991168,176.3976292999284,172.6239533757597,0
0,178.55064282018822,176.23227402521556,172.58773181621027,0
0,178.55106169560057,176.00338636149723,172.70833476221463,0
0,178.5540471077474,176.2223759300827,172.43828680930318,0
0,178.35827290206976,176.58960885643222,172.54818162980135,0
0,178.51425029894,176.26438249003556,172.5329757164315,0
0,178.4851860503327,176.26572779179494,172.42370971214763,0
0,178.57464295500924,176.5342089340494,172.3001239788553,0
0,178.57233687863706,176.61880453980427,172.4724658715569,0
0,178.55543217975065,176.37690397055408,172.45369414629687,0
0,178.72165905470663,176.10948414705123,172.68112896183092,0
0,178.54506729772484,176.15132934634332,172.39620430725043,0
0,178.76306380772968,175.91770115581676,172.56906782134388,0
0,178.56577762353515,176.0256417007115,172.58690630926205,0
0,178.5213003996062,176.13487212627615,172.76218892032514,0
0,178.5276187086431,176.2355242827733,172.5155664593663,0
0,178.6635181861981,176.15067455016748,172.59928658461166,0
0,178.55680982540377,176.36114649821744,172.5479017428226,0
0,178.66007896634483,176.26535981504256,172.48782128239552,0
0,178.73085913922304,175.9269631701052,172.54874927543045,0
0,178.68528281681697,176.11851060859905,172.61283607073557,0
0,178.43689678056577,176.640676974402,172.3889697761182,0
0,178.37445345803997,177.03910107061654,172.28591534836548,0
0,178.50275748982696,176.71530816243074,172.28658400783212,0
0,178.0986779821892,176.7453187826168,172.38352277002122,0
0,177.9931233963012,176.9277810042872,172.35238790329404,0
0,178.25388716923592,176.57055391496527,172.2392842013991,0
0,178.04626845900685,176.76414012294612,172.17832404223694,0
0,177.949453379469,177.05634487046618,172.11180347408865,0
0,178.06384370736217,176.9310062268448,172.27150309145495,0
0,178.08646808993583,176.80630431267284,172.1751903260029,0
0,178.10936978523142,176.62233673377557,172.16522123238659,0
0,177.98093647776437,176.8401221180143,172.2666830217326,0
0,178.12750642566454,176.61242231122307,172.35844793024717,0
0,177.9314999989239,176.5977151405393,173.0085441936652,0
0,177.57417714393605,176.63742622108666,173.0256814893352,0
0,177.62963331962496,176.7786105613501,172.95993196297624,0
0,177.71730443291264,176.82627205677633,172.9042967309117,0
0,177.8115680029631,176.83068560725619,173.13808245569894,0
0,178.26324519094666,176.16855701222087,172.609036784382,0
0,177.99122010606297,176.87027125797215,172.89947804992303,0
0,177.3907634981406,177.0822466248239,172.8791347466634,0
0,177.6045454412422,177.05984650575633,172.83949827868759,0
0,177.93240272463652,176.55915663886603,172.90888821853085,0
0,177.74419102057004,176.89276340625824,172.86621949676362,0
0,177.6337673530341,176.8734470338855,172.73670525282455,0
0,177.76341979545447,176.86567623376848,172.96516320938963,0
0,177.63453016385392,176.63951360919808,172.98007592696263,0
0,177.78328742531517,176.62837183055484,173.19203079325274,0
0,177.63709180035065,176.5655195147689,173.18269619758638,0
0,177.56174406325266,176.46901370377222,173.26676959473255,0
0,177.56618906997414,176.382759876173,173.341471838937,0
0,177.57364019398074,176.3708084539335,173.345639712199,0
0,177.7675412795716,176.37565232839953,173.08335363330198,0
0,177.63930024159595,176.60583564823884,173.31520103173852,0
0,177.7876416556824,176.5172452302583,173.14209478169406,0
0,177.70388537091344,176.59662154163732,173.1746160072741,0
0,177.61333719439736,176.830743986025,173.019041115912,0
0,177.45295529431513,176.66382566355622,173.1828510390049,0
0,177.2568645733267,176.96931993408003,172.95967642301724,0
0,177.22318788564502,176.87792222581825,173.2932562925667,0
0,177.27998985099634,176.86611216394724,173.32205549381447,0
0,177.51720784895028,176.74941934394525,173.07240430286603,0
0,177.3212630531949,176.6070125998098,173.36884938241013,0
0,177.15095945238227,176.61635024691685,173.40842046632858,0
0,177.5872022968984,176.73120662392458,173.2168826918985,0
0,177.6350033857012,176.4562948152507,173.2820311813557,0
0,177.4054140894701,176.60547253363958,173.3059274986534,0
0,177.33241155697274,176.56347152933452,173.50388783245313,0
0,177.17988668325117,176.66668095949456,173.48960641071622,0
0,177.34919788455002,176.5421419393699,173.05056582593335,0
0,177.50538535039578,176.59633314138998,173.00575312280495,0
0,177.60782108765852,176.53840595564728,173.194963843706,0
0,177.44886665564164,176.7035681096439,173.170690544408,0
0,177.40349041234614,176.75580300508273,173.2059465359174,0
0,177.56973538689135,176.5050930898316,173.20173930050984,0
0,177.54266790270947,176.74303614812473,172.94624833294134,0
0,177.96389000716428,176.57929441294323,172.74588477739616,0
0,178.02545888101486,176.67065609671477,172.41999994233004,0
0,178.07549609740468,176.68318886412575,172.5080470482348,0
0,177.99127452266578,176.65760753280256,172.63598758668311,0
0,178.00422093640594,176.66661559965016,172.68879892843572,0
0,177.98145943525878,176.63816183112905,172.82820481562175,0
0,177.99734121202295,176.57669813914455,172.62844355284344,0
0,177.83737836075483,176.91597441029683,172.5387040223645,0
0,177.90285268645178,176.68154590025875,172.63166687433431,0
0,178.04152526091087,176.61096504012812,172.54657867859265,0
0,177.92241907842623,176.66543471275526,172.86319378733637,0
0,177.59075060035929,177.30177963281173,172.7837792087595,0
0,177.96780124299462,176.72076017121512,172.63741778092935,0
0,177.93355423099882,176.73650420658143,172.73257668286013,0
0,177.76907837108106,177.27952373284532,172.6291107928583,0
0,177.76473764015844,177.1747381457656,172.5151192550813,0
0,178.11635581461113,176.47332020510956,173.00390821767857,0
0,178.3080194560804,176.48184879644887,172.90212907984755,0
0,178.33633729991277,176.60758798693578,172.85241624002833,0
0,178.04791850521022,176.86712239367054,172.67939714196572,0
0,177.72400799406856,177.0273921005041,172.67658933344308,0
0,177.76009006863262,176.68885660716205,172.64213776534172,0
0,177.89455140411525,176.95140629082155,172.75050743595904,0
0,177.91801672235528,176.4214777221745,172.78908731908245,0
0,178.21550725873058,176.86748378150833,172.5146567198877,0
0,178.40321336518727,176.4516861172451,172.62520319453077,0
0,178.33758531237956,176.4566146675237,172.62695219125965,0
0,178.3914621957639,176.09545150470626,172.82820082813154,0
0,178.31620541106372,176.46285117426063,172.80156465826792,0
0,178.31639064483943,176.31250093504528,172.8081678315547,0
0,178.24644459200047,176.67705879905438,172.92614167205323,0
0,178.13562524511633,176.40615369415676,173.0155850017299,0
0,178.50535088008638,176.40891113167675,172.62954906962764,0
0,178.29582180484465,176.5829820897976,172.45826505075513,0
0,178.42903879702465,176.58546961430855,172.52607373105693,0
0,178.42705402695046,176.73660331040608,172.5269888476526,0
0,178.3596017679552,176.6293466770299,172.66179437466212,0
0,178.20931622042573,176.74494232181547,172.59878747854216,0
0,178.39355822843976,176.6197471743234,172.37570869530003,0
0,178.15241499683663,177.01667137817756,172.4901672246605,0
0,178.36141070188907,176.3736278572551,172.5177868108465,0
0,178.22462197008335,176.58801588242846,172.6851879082515,0
0,178.24207336325145,176.62407835692423,172.6384403002566,0
0,178.2427390056656,176.36245323084302,172.89658579316912,0
0,177.95661341454007,176.8278584667941,172.85399337274683,0
0,178.10569681372735,176.52691337188978,172.95799869148672,0
0,178.1701630701155,176.44050558040288,173.04403468145426,0
0,178.047350853669,176.71454244611735,172.95491223699938,0
0,178.1327133725413,176.3995957487244,173.07369336678502,0
0,178.36536790605672,175.9583681201035,172.9936986494383,0
0,178.31816815486297,176.36080962376573,172.7123071304445,0
0,178.45592250746773,176.4840969547347,172.62276712696925,0
0,178.30132569817982,176.5497671042979,172.96966634818025,0
0,178.23945656444855,176.35988596414523,172.983277035059,0
0,178.1933695959641,176.544118890444,172.80135850298933,0
0,177.98449201409338,176.90540515464073,172.83973699093585,0
0,177.81762262598113,176.41277060037004,173.3594498035932,0
0,177.55303667180016,176.6474200948694,173.35370768576607,0
0,177.58852706121152,176.62382929854607,173.01779082983228,0
0,177.9258491086376,176.59205446054003,172.69347984325182,0
0,177.6870299564348,176.9181374584899,172.7350268281612,0
0,177.63291928160447,176.7825305422317,172.72513504423773,0
0,177.75691164072788,176.85010683447877,172.6344922028186,0
0,177.90417000018127,176.72655875432406,172.7345124958776,0
0,177.70137871862812,176.76579997168344,172.7928021128727,0
0,177.85054731208018,176.58269894970292,172.8459216370842,0
0,177.96778551349874,176.73512913026366,172.7376776301236,0
0,177.68350025144227,176.41409345054967,173.0762542815412,0
0,177.6076165427208,176.61624095691977,172.96768982340308,0
0,177.64311180755718,176.76009914820852,173.05003286447104,0
0,177.65651501942997,176.6037987683417,172.98247695955553,0
0,177.54745369573556,176.7084665305144,172.7693611908956,0
0,177.73156799699385,176.70269206203764,172.86167837772894,0
0,177.51921920975303,176.88785075414896,172.77428306834116,0
0,177.48068342929014,176.6748482992227,173.03753559237092,0
0,177.70825148754932,176.52515915901122,172.9993599534987,0
0,177.67614158180388,176.36190690918713,173.0556576913547,0
0,177.72423092903725,176.34829351200509,173.2653302091187,0
0,177.78783762901483,176.37600646990367,173.21894419870173,0
0,177.9106852628176,176.4099429807394,173.16570058392625,0
0,177.86287945262458,176.24161124895954,173.2194755443009,0
0,177.77023952720603,176.34204500964677,172.97103591969508,0
0,177.67472559623087,176.52506777765066,173.12375050176146,0
0,177.60882728966249,176.49694623845087,173.0591660943569,0
0,177.9016703436133,176.22909911094595,173.00081658003597,0
0,177.84204614223697,176.16717405049323,172.93923103135103,0
0,178.1937317935315,176.08314218278642,172.97606011662955,0
0,178.11610274599946,176.00042181602333,172.87416500382406,0
0,177.98389149214893,176.4819040664009,172.77711868948077,0
0,177.7887689313888,176.3687171279201,173.05890792954045,0
0,178.16826585810287,176.43875180216207,172.5955745630587,0
0,177.92152752079818,176.5758780721908,172.5910441278125,0
0,177.8384507502516,176.62193086652016,172.696182175646,0
0,177.70312035860837,176.60611570968956,172.69442529785465,0
0,177.69951862112714,176.7100965931961,172.73200736500573,0
0,177.57754628740906,176.76489787333458,172.90481220596465,0
0,177.32248419918307,176.82567597467292,173.0600078605377,0
0,177.15770849248602,177.02724998103938,173.08233717660306,0
0,177.19019461453172,176.93974744650163,172.78933187125315,0
0,177.32377168025116,176.77423129034796,172.83453559189903,0
0,177.1861519423784,176.85230989449133,173.01161628174398,0
0,177.41119132203104,176.687375306027,172.855176142502,0
0,177.52295133963906,176.82113985179384,172.6629120739817,0
0,177.31311337746553,177.03463439969067,172.43127921836074,0
0,177.47051530896485,177.03799217149754,172.34317214756393,0
0,177.25673042130197,176.9858782716189,172.43550498289255,0
0,177.35661649105324,176.74601754175856,172.51439361382435,0
0,177.9583336620959,176.75808152656515,172.19640162356995,0
0,177.72115546343062,176.78430107243113,172.4671778530829,0
0,177.81952630896538,176.75706539097138,172.31756319992144,0
0,177.33408503909587,177.05585726397132,172.38500257790716,0
0,177.3100941084292,176.53346588918043,172.10263452413378,0
0,178.2165813905175,175.7680612653362,172.24970868878975,0
0,177.8463668413538,176.2245379657406,172.29913307939776,0
0,178.27842517805803,175.2410212985785,171.83567280814094,0
0,178.13306605517437,175.13318056343257,171.8926015529939,0
0,177.6476003797487,175.12060657184372,171.79308532629972,0
0,177.78308731268186,175.08813346165198,171.7803399888343,0
0,177.80072355994164,174.87519129249927,171.81376806683346,0
0,177.79030050399666,174.9101983714957,171.75532119460095,0
0,177.70648608856592,174.81582798519966,171.8972899246453,0
0,177.93366597827136,174.87063386619215,171.86493694348403,0
0,177.72111197483014,174.9584181947197,171.7853041526549,0
0,177.75758994806276,175.07796719711112,171.87819236100398,0
0,177.53701200380215,174.87113614933037,171.96943694636536,0
0,177.56933646017745,175.00765928786163,172.00297923383437,0
0,177.7311621814219,175.13753555756148,172.14091452440792,0
0,177.3024893691515,175.2250311866229,171.82936560731494,0
0,177.52265967020764,175.18735401037793,172.0758390883335,0
0,177.24884283129927,175.0216766012948,171.9807729677856,0
0,177.09651040880163,174.9270482483673,171.9166155666507,0
0,177.07479392976944,174.25463766230632,172.0042136326589,0
0,176.65738634711832,174.48975507732746,171.86022701870468,0
0,176.7184883303724,174.59445249556714,171.5883947636611,0
0,176.7054729326331,174.27929200490746,171.90427712196316,0
0,176.6437860209439,174.3901472040635,171.59283878624862,0
0,177.12357506812907,173.96123459292295,171.8326372902441,0
0,176.69049007302226,174.35231332987757,171.62930209834556,0
0,176.6418057626321,174.27410879808767,171.8370538537823,0
0,176.42383158770699,173.99758786487106,171.9095457279603,0
0,176.40898593673114,174.19497667062373,171.69990088507083,0
0,176.58875267518977,173.3742717088424,172.1180632960814,0
0,176.57152714116285,173.74641788644607,172.1344318344512,0
0,176.5154458297244,173.41738003994922,172.5063590444933,0
